[
  {
    "model": "admin.logentry",
    "pk": 1,
    "fields": {
      "action_time": "2023-05-08T13:16:21.610Z",
      "user": 1,
      "content_type": 6,
      "object_id": "2",
      "object_repr": "2022121TADS0015",
      "action_flag": 3,
      "change_message": ""
    }
  },
  {
    "model": "admin.logentry",
    "pk": 2,
    "fields": {
      "action_time": "2023-05-08T13:17:12.180Z",
      "user": 1,
      "content_type": 6,
      "object_id": "3",
      "object_repr": "2022121TADS0015",
      "action_flag": 3,
      "change_message": ""
    }
  },
  {
    "model": "admin.logentry",
    "pk": 3,
    "fields": {
      "action_time": "2023-05-13T21:03:51.767Z",
      "user": 1,
      "content_type": 7,
      "object_id": "1",
      "object_repr": "Análise e Desenvolvimento de Sistemas",
      "action_flag": 1,
      "change_message": "[{\"added\": {}}]"
    }
  },
  {
    "model": "admin.logentry",
    "pk": 4,
    "fields": {
      "action_time": "2023-05-13T21:03:57.509Z",
      "user": 1,
      "content_type": 13,
      "object_id": "1",
      "object_repr": "Módulo I",
      "action_flag": 1,
      "change_message": "[{\"added\": {}}]"
    }
  },
  {
    "model": "admin.logentry",
    "pk": 5,
    "fields": {
      "action_time": "2023-05-13T21:04:05.590Z",
      "user": 1,
      "content_type": 11,
      "object_id": "1",
      "object_repr": "Algoritmos",
      "action_flag": 1,
      "change_message": "[{\"added\": {}}]"
    }
  },
  {
    "model": "admin.logentry",
    "pk": 6,
    "fields": {
      "action_time": "2023-05-13T21:04:07.058Z",
      "user": 1,
      "content_type": 8,
      "object_id": "1",
      "object_repr": "Módulo: Módulo I | Disciplina: Algoritmos",
      "action_flag": 1,
      "change_message": "[{\"added\": {}}]"
    }
  },
  {
    "model": "admin.logentry",
    "pk": 7,
    "fields": {
      "action_time": "2023-05-13T21:04:30.826Z",
      "user": 1,
      "content_type": 10,
      "object_id": "1",
      "object_repr": "Python",
      "action_flag": 1,
      "change_message": "[{\"added\": {}}]"
    }
  },
  {
    "model": "admin.logentry",
    "pk": 8,
    "fields": {
      "action_time": "2023-05-13T21:04:33.555Z",
      "user": 1,
      "content_type": 9,
      "object_id": "1",
      "object_repr": "Criador: 2022121tads0020 | Título: Teste",
      "action_flag": 1,
      "change_message": "[{\"added\": {}}]"
    }
  },
  {
    "model": "admin.logentry",
    "pk": 9,
    "fields": {
      "action_time": "2023-05-13T23:36:34.939Z",
      "user": 1,
      "content_type": 10,
      "object_id": "2",
      "object_repr": "Java",
      "action_flag": 3,
      "change_message": ""
    }
  },
  {
    "model": "admin.logentry",
    "pk": 10,
    "fields": {
      "action_time": "2023-05-13T23:37:51.013Z",
      "user": 1,
      "content_type": 9,
      "object_id": "1",
      "object_repr": "Criador: 2022121tads0020 | Título: Teste",
      "action_flag": 3,
      "change_message": ""
    }
  },
  {
    "model": "admin.logentry",
    "pk": 11,
    "fields": {
      "action_time": "2023-05-13T23:38:09.076Z",
      "user": 1,
      "content_type": 11,
      "object_id": "1",
      "object_repr": "Algoritmos",
      "action_flag": 3,
      "change_message": ""
    }
  },
  {
    "model": "admin.logentry",
    "pk": 12,
    "fields": {
      "action_time": "2023-05-13T23:38:39.037Z",
      "user": 1,
      "content_type": 13,
      "object_id": "1",
      "object_repr": "Módulo I",
      "action_flag": 3,
      "change_message": ""
    }
  },
  {
    "model": "admin.logentry",
    "pk": 13,
    "fields": {
      "action_time": "2023-05-13T23:41:35.071Z",
      "user": 1,
      "content_type": 13,
      "object_id": "2",
      "object_repr": "Módulo I",
      "action_flag": 1,
      "change_message": "[{\"added\": {}}]"
    }
  },
  {
    "model": "admin.logentry",
    "pk": 14,
    "fields": {
      "action_time": "2023-05-13T23:41:39.751Z",
      "user": 1,
      "content_type": 13,
      "object_id": "3",
      "object_repr": "Módulo II",
      "action_flag": 1,
      "change_message": "[{\"added\": {}}]"
    }
  },
  {
    "model": "admin.logentry",
    "pk": 15,
    "fields": {
      "action_time": "2023-05-13T23:41:44.727Z",
      "user": 1,
      "content_type": 13,
      "object_id": "4",
      "object_repr": "Módulo III",
      "action_flag": 1,
      "change_message": "[{\"added\": {}}]"
    }
  },
  {
    "model": "admin.logentry",
    "pk": 16,
    "fields": {
      "action_time": "2023-05-13T23:41:52.369Z",
      "user": 1,
      "content_type": 13,
      "object_id": "5",
      "object_repr": "Módulo Iv",
      "action_flag": 1,
      "change_message": "[{\"added\": {}}]"
    }
  },
  {
    "model": "admin.logentry",
    "pk": 17,
    "fields": {
      "action_time": "2023-05-13T23:41:59.920Z",
      "user": 1,
      "content_type": 13,
      "object_id": "6",
      "object_repr": "Módulo V",
      "action_flag": 1,
      "change_message": "[{\"added\": {}}]"
    }
  },
  {
    "model": "admin.logentry",
    "pk": 18,
    "fields": {
      "action_time": "2023-05-13T23:42:06.685Z",
      "user": 1,
      "content_type": 13,
      "object_id": "7",
      "object_repr": "Módulo VI",
      "action_flag": 1,
      "change_message": "[{\"added\": {}}]"
    }
  },
  {
    "model": "admin.logentry",
    "pk": 19,
    "fields": {
      "action_time": "2023-05-14T04:16:25.263Z",
      "user": 1,
      "content_type": 8,
      "object_id": "2",
      "object_repr": "Módulo: Módulo I | Disciplina: Atividades Linguísticas",
      "action_flag": 1,
      "change_message": "[{\"added\": {}}]"
    }
  },
  {
    "model": "admin.logentry",
    "pk": 20,
    "fields": {
      "action_time": "2023-05-14T04:16:30.859Z",
      "user": 1,
      "content_type": 8,
      "object_id": "3",
      "object_repr": "Módulo: Módulo I | Disciplina: Matemática Computacional",
      "action_flag": 1,
      "change_message": "[{\"added\": {}}]"
    }
  },
  {
    "model": "admin.logentry",
    "pk": 21,
    "fields": {
      "action_time": "2023-05-14T04:16:36.613Z",
      "user": 1,
      "content_type": 8,
      "object_id": "4",
      "object_repr": "Módulo: Módulo I | Disciplina: Inglês Técnico",
      "action_flag": 1,
      "change_message": "[{\"added\": {}}]"
    }
  },
  {
    "model": "admin.logentry",
    "pk": 22,
    "fields": {
      "action_time": "2023-05-14T04:16:41.791Z",
      "user": 1,
      "content_type": 8,
      "object_id": "5",
      "object_repr": "Módulo: Módulo I | Disciplina: Introdução a Programação",
      "action_flag": 1,
      "change_message": "[{\"added\": {}}]"
    }
  },
  {
    "model": "admin.logentry",
    "pk": 23,
    "fields": {
      "action_time": "2023-05-14T04:16:58.530Z",
      "user": 1,
      "content_type": 8,
      "object_id": "6",
      "object_repr": "Módulo: Módulo I | Disciplina: Lógica de Programação",
      "action_flag": 1,
      "change_message": "[{\"added\": {}}]"
    }
  },
  {
    "model": "admin.logentry",
    "pk": 24,
    "fields": {
      "action_time": "2023-05-14T04:17:21.734Z",
      "user": 1,
      "content_type": 11,
      "object_id": "5",
      "object_repr": "Introdução a Computação",
      "action_flag": 2,
      "change_message": "[{\"changed\": {\"fields\": [\"Descri\\u00e7\\u00e3o\"]}}]"
    }
  },
  {
    "model": "admin.logentry",
    "pk": 25,
    "fields": {
      "action_time": "2023-05-14T04:17:25.086Z",
      "user": 1,
      "content_type": 8,
      "object_id": "5",
      "object_repr": "Módulo: Módulo I | Disciplina: Introdução a Computação",
      "action_flag": 2,
      "change_message": "[]"
    }
  },
  {
    "model": "admin.logentry",
    "pk": 26,
    "fields": {
      "action_time": "2023-05-14T04:17:49.552Z",
      "user": 1,
      "content_type": 11,
      "object_id": "6",
      "object_repr": "Algoritmo e Programação",
      "action_flag": 2,
      "change_message": "[{\"changed\": {\"fields\": [\"Descri\\u00e7\\u00e3o\"]}}]"
    }
  },
  {
    "model": "admin.logentry",
    "pk": 27,
    "fields": {
      "action_time": "2023-05-14T04:17:51.558Z",
      "user": 1,
      "content_type": 8,
      "object_id": "6",
      "object_repr": "Módulo: Módulo I | Disciplina: Algoritmo e Programação",
      "action_flag": 2,
      "change_message": "[]"
    }
  },
  {
    "model": "admin.logentry",
    "pk": 28,
    "fields": {
      "action_time": "2023-05-14T04:39:00.676Z",
      "user": 1,
      "content_type": 8,
      "object_id": "7",
      "object_repr": "Módulo: Módulo II | Disciplina: Metodologia Científica",
      "action_flag": 1,
      "change_message": "[{\"added\": {}}]"
    }
  },
  {
    "model": "admin.logentry",
    "pk": 29,
    "fields": {
      "action_time": "2023-05-14T04:39:07.972Z",
      "user": 1,
      "content_type": 8,
      "object_id": "8",
      "object_repr": "Módulo: Módulo II | Disciplina: Programação Orientada a Objetos",
      "action_flag": 1,
      "change_message": "[{\"added\": {}}]"
    }
  },
  {
    "model": "admin.logentry",
    "pk": 30,
    "fields": {
      "action_time": "2023-05-14T04:39:13.314Z",
      "user": 1,
      "content_type": 8,
      "object_id": "9",
      "object_repr": "Módulo: Módulo II | Disciplina: Banco de Dados I",
      "action_flag": 1,
      "change_message": "[{\"added\": {}}]"
    }
  },
  {
    "model": "admin.logentry",
    "pk": 31,
    "fields": {
      "action_time": "2023-05-14T04:39:23.273Z",
      "user": 1,
      "content_type": 8,
      "object_id": "10",
      "object_repr": "Módulo: Módulo II | Disciplina: Engenharia de Software I",
      "action_flag": 1,
      "change_message": "[{\"added\": {}}]"
    }
  },
  {
    "model": "admin.logentry",
    "pk": 32,
    "fields": {
      "action_time": "2023-05-14T04:39:31.407Z",
      "user": 1,
      "content_type": 8,
      "object_id": "11",
      "object_repr": "Módulo: Módulo II | Disciplina: Estrutura de Dados I",
      "action_flag": 1,
      "change_message": "[{\"added\": {}}]"
    }
  },
  {
    "model": "admin.logentry",
    "pk": 33,
    "fields": {
      "action_time": "2023-05-14T04:39:35.739Z",
      "user": 1,
      "content_type": 8,
      "object_id": "12",
      "object_repr": "Módulo: Módulo II | Disciplina: Estátisca",
      "action_flag": 1,
      "change_message": "[{\"added\": {}}]"
    }
  },
  {
    "model": "admin.logentry",
    "pk": 34,
    "fields": {
      "action_time": "2023-05-14T04:47:31.566Z",
      "user": 1,
      "content_type": 8,
      "object_id": "13",
      "object_repr": "Módulo: Módulo III | Disciplina: Banco de Dados II",
      "action_flag": 1,
      "change_message": "[{\"added\": {}}]"
    }
  },
  {
    "model": "admin.logentry",
    "pk": 35,
    "fields": {
      "action_time": "2023-05-14T04:47:37.665Z",
      "user": 1,
      "content_type": 8,
      "object_id": "14",
      "object_repr": "Módulo: Módulo III | Disciplina: Arquitetura de Computadores",
      "action_flag": 1,
      "change_message": "[{\"added\": {}}]"
    }
  },
  {
    "model": "admin.logentry",
    "pk": 36,
    "fields": {
      "action_time": "2023-05-14T04:47:46.366Z",
      "user": 1,
      "content_type": 8,
      "object_id": "15",
      "object_repr": "Módulo: Módulo III | Disciplina: Sistemas Operacionais",
      "action_flag": 1,
      "change_message": "[{\"added\": {}}]"
    }
  },
  {
    "model": "admin.logentry",
    "pk": 37,
    "fields": {
      "action_time": "2023-05-14T04:47:54.858Z",
      "user": 1,
      "content_type": 8,
      "object_id": "16",
      "object_repr": "Módulo: Módulo III | Disciplina: Estrutura de Dados II",
      "action_flag": 1,
      "change_message": "[{\"added\": {}}]"
    }
  },
  {
    "model": "admin.logentry",
    "pk": 38,
    "fields": {
      "action_time": "2023-05-14T04:48:01.289Z",
      "user": 1,
      "content_type": 8,
      "object_id": "17",
      "object_repr": "Módulo: Módulo III | Disciplina: Programação para Internet I",
      "action_flag": 1,
      "change_message": "[{\"added\": {}}]"
    }
  },
  {
    "model": "admin.logentry",
    "pk": 39,
    "fields": {
      "action_time": "2023-05-14T04:48:08.342Z",
      "user": 1,
      "content_type": 8,
      "object_id": "18",
      "object_repr": "Módulo: Módulo III | Disciplina: Engenharia de Software II",
      "action_flag": 1,
      "change_message": "[{\"added\": {}}]"
    }
  },
  {
    "model": "admin.logentry",
    "pk": 40,
    "fields": {
      "action_time": "2023-05-14T04:48:13.977Z",
      "user": 1,
      "content_type": 8,
      "object_id": "19",
      "object_repr": "Módulo: Módulo III | Disciplina: Projeto Integrador I",
      "action_flag": 1,
      "change_message": "[{\"added\": {}}]"
    }
  },
  {
    "model": "admin.logentry",
    "pk": 41,
    "fields": {
      "action_time": "2023-05-14T04:50:24.730Z",
      "user": 1,
      "content_type": 8,
      "object_id": "20",
      "object_repr": "Módulo: Módulo Iv | Disciplina: Engenharia de Software III",
      "action_flag": 1,
      "change_message": "[{\"added\": {}}]"
    }
  },
  {
    "model": "admin.logentry",
    "pk": 42,
    "fields": {
      "action_time": "2023-05-14T04:50:32.107Z",
      "user": 1,
      "content_type": 8,
      "object_id": "21",
      "object_repr": "Módulo: Módulo Iv | Disciplina: Redes de Computadores",
      "action_flag": 1,
      "change_message": "[{\"added\": {}}]"
    }
  },
  {
    "model": "admin.logentry",
    "pk": 43,
    "fields": {
      "action_time": "2023-05-14T04:50:52.423Z",
      "user": 1,
      "content_type": 8,
      "object_id": "22",
      "object_repr": "Módulo: Módulo Iv | Disciplina: Analise e Projeto de Sistemas",
      "action_flag": 1,
      "change_message": "[{\"added\": {}}]"
    }
  },
  {
    "model": "admin.logentry",
    "pk": 44,
    "fields": {
      "action_time": "2023-05-14T04:51:21.792Z",
      "user": 1,
      "content_type": 8,
      "object_id": "23",
      "object_repr": "Módulo: Módulo Iv | Disciplina: Introdução a Administração",
      "action_flag": 1,
      "change_message": "[{\"added\": {}}]"
    }
  },
  {
    "model": "admin.logentry",
    "pk": 45,
    "fields": {
      "action_time": "2023-05-14T04:51:35.507Z",
      "user": 1,
      "content_type": 8,
      "object_id": "24",
      "object_repr": "Módulo: Módulo Iv | Disciplina: Programação para Internet II",
      "action_flag": 1,
      "change_message": "[{\"added\": {}}]"
    }
  },
  {
    "model": "admin.logentry",
    "pk": 46,
    "fields": {
      "action_time": "2023-05-14T04:51:49.113Z",
      "user": 1,
      "content_type": 8,
      "object_id": "25",
      "object_repr": "Módulo: Módulo Iv | Disciplina: Projeto Integrador II",
      "action_flag": 1,
      "change_message": "[{\"added\": {}}]"
    }
  },
  {
    "model": "admin.logentry",
    "pk": 47,
    "fields": {
      "action_time": "2023-05-14T04:53:02.589Z",
      "user": 1,
      "content_type": 8,
      "object_id": "26",
      "object_repr": "Módulo: Módulo V | Disciplina: Interação Humano Computador",
      "action_flag": 1,
      "change_message": "[{\"added\": {}}]"
    }
  },
  {
    "model": "admin.logentry",
    "pk": 48,
    "fields": {
      "action_time": "2023-05-14T04:53:17.441Z",
      "user": 1,
      "content_type": 8,
      "object_id": "27",
      "object_repr": "Módulo: Módulo V | Disciplina: Tópicos Especiais em Programação",
      "action_flag": 1,
      "change_message": "[{\"added\": {}}]"
    }
  },
  {
    "model": "admin.logentry",
    "pk": 49,
    "fields": {
      "action_time": "2023-05-14T04:53:36.279Z",
      "user": 1,
      "content_type": 8,
      "object_id": "28",
      "object_repr": "Módulo: Módulo V | Disciplina: Programação para Dispositivos Móveis",
      "action_flag": 1,
      "change_message": "[{\"added\": {}}]"
    }
  },
  {
    "model": "admin.logentry",
    "pk": 50,
    "fields": {
      "action_time": "2023-05-14T04:53:43.539Z",
      "user": 1,
      "content_type": 8,
      "object_id": "29",
      "object_repr": "Módulo: Módulo V | Disciplina: Engenharia de Software IV",
      "action_flag": 1,
      "change_message": "[{\"added\": {}}]"
    }
  },
  {
    "model": "admin.logentry",
    "pk": 51,
    "fields": {
      "action_time": "2023-05-14T04:53:55.024Z",
      "user": 1,
      "content_type": 8,
      "object_id": "30",
      "object_repr": "Módulo: Módulo V | Disciplina: Projeto Integrador III",
      "action_flag": 1,
      "change_message": "[{\"added\": {}}]"
    }
  },
  {
    "model": "admin.logentry",
    "pk": 52,
    "fields": {
      "action_time": "2023-05-14T04:54:03.851Z",
      "user": 1,
      "content_type": 8,
      "object_id": "31",
      "object_repr": "Módulo: Módulo V | Disciplina: Elaboração de Projetos de Pesquisa",
      "action_flag": 1,
      "change_message": "[{\"added\": {}}]"
    }
  },
  {
    "model": "admin.logentry",
    "pk": 53,
    "fields": {
      "action_time": "2023-05-14T04:54:24.564Z",
      "user": 1,
      "content_type": 8,
      "object_id": "32",
      "object_repr": "Módulo: Módulo VI | Disciplina: Segurança da Informação",
      "action_flag": 1,
      "change_message": "[{\"added\": {}}]"
    }
  },
  {
    "model": "admin.logentry",
    "pk": 54,
    "fields": {
      "action_time": "2023-05-14T04:54:36.881Z",
      "user": 1,
      "content_type": 8,
      "object_id": "33",
      "object_repr": "Módulo: Módulo VI | Disciplina: Empreendedorismo e Inovação",
      "action_flag": 1,
      "change_message": "[{\"added\": {}}]"
    }
  },
  {
    "model": "admin.logentry",
    "pk": 55,
    "fields": {
      "action_time": "2023-05-14T04:54:43.372Z",
      "user": 1,
      "content_type": 8,
      "object_id": "34",
      "object_repr": "Módulo: Módulo VI | Disciplina: Tópicos Especiais em Sistema de Informação",
      "action_flag": 1,
      "change_message": "[{\"added\": {}}]"
    }
  },
  {
    "model": "admin.logentry",
    "pk": 56,
    "fields": {
      "action_time": "2023-05-14T04:54:54.018Z",
      "user": 1,
      "content_type": 8,
      "object_id": "35",
      "object_repr": "Módulo: Módulo VI | Disciplina: Lesgislação Aplciada a Tecnologia da Informação",
      "action_flag": 1,
      "change_message": "[{\"added\": {}}]"
    }
  },
  {
    "model": "admin.logentry",
    "pk": 57,
    "fields": {
      "action_time": "2023-05-14T04:55:03.571Z",
      "user": 1,
      "content_type": 8,
      "object_id": "36",
      "object_repr": "Módulo: Módulo VI | Disciplina: Ética e Responsabilidade Socioambiental",
      "action_flag": 1,
      "change_message": "[{\"added\": {}}]"
    }
  },
  {
    "model": "admin.logentry",
    "pk": 58,
    "fields": {
      "action_time": "2023-05-14T04:55:12.627Z",
      "user": 1,
      "content_type": 8,
      "object_id": "37",
      "object_repr": "Módulo: Módulo VI | Disciplina: Trabalho de Conclusão de Curso",
      "action_flag": 1,
      "change_message": "[{\"added\": {}}]"
    }
  },
  {
    "model": "admin.logentry",
    "pk": 59,
    "fields": {
      "action_time": "2023-05-14T05:19:23.274Z",
      "user": 1,
      "content_type": 13,
      "object_id": "5",
      "object_repr": "Módulo IV",
      "action_flag": 2,
      "change_message": "[{\"changed\": {\"fields\": [\"Descri\\u00e7\\u00e3o\"]}}]"
    }
  },
  {
    "model": "auth.permission",
    "pk": 1,
    "fields": {
      "name": "Can add log entry",
      "content_type": 1,
      "codename": "add_logentry"
    }
  },
  {
    "model": "auth.permission",
    "pk": 2,
    "fields": {
      "name": "Can change log entry",
      "content_type": 1,
      "codename": "change_logentry"
    }
  },
  {
    "model": "auth.permission",
    "pk": 3,
    "fields": {
      "name": "Can delete log entry",
      "content_type": 1,
      "codename": "delete_logentry"
    }
  },
  {
    "model": "auth.permission",
    "pk": 4,
    "fields": {
      "name": "Can view log entry",
      "content_type": 1,
      "codename": "view_logentry"
    }
  },
  {
    "model": "auth.permission",
    "pk": 5,
    "fields": {
      "name": "Can add permission",
      "content_type": 2,
      "codename": "add_permission"
    }
  },
  {
    "model": "auth.permission",
    "pk": 6,
    "fields": {
      "name": "Can change permission",
      "content_type": 2,
      "codename": "change_permission"
    }
  },
  {
    "model": "auth.permission",
    "pk": 7,
    "fields": {
      "name": "Can delete permission",
      "content_type": 2,
      "codename": "delete_permission"
    }
  },
  {
    "model": "auth.permission",
    "pk": 8,
    "fields": {
      "name": "Can view permission",
      "content_type": 2,
      "codename": "view_permission"
    }
  },
  {
    "model": "auth.permission",
    "pk": 9,
    "fields": {
      "name": "Can add group",
      "content_type": 3,
      "codename": "add_group"
    }
  },
  {
    "model": "auth.permission",
    "pk": 10,
    "fields": {
      "name": "Can change group",
      "content_type": 3,
      "codename": "change_group"
    }
  },
  {
    "model": "auth.permission",
    "pk": 11,
    "fields": {
      "name": "Can delete group",
      "content_type": 3,
      "codename": "delete_group"
    }
  },
  {
    "model": "auth.permission",
    "pk": 12,
    "fields": {
      "name": "Can view group",
      "content_type": 3,
      "codename": "view_group"
    }
  },
  {
    "model": "auth.permission",
    "pk": 13,
    "fields": {
      "name": "Can add content type",
      "content_type": 4,
      "codename": "add_contenttype"
    }
  },
  {
    "model": "auth.permission",
    "pk": 14,
    "fields": {
      "name": "Can change content type",
      "content_type": 4,
      "codename": "change_contenttype"
    }
  },
  {
    "model": "auth.permission",
    "pk": 15,
    "fields": {
      "name": "Can delete content type",
      "content_type": 4,
      "codename": "delete_contenttype"
    }
  },
  {
    "model": "auth.permission",
    "pk": 16,
    "fields": {
      "name": "Can view content type",
      "content_type": 4,
      "codename": "view_contenttype"
    }
  },
  {
    "model": "auth.permission",
    "pk": 17,
    "fields": {
      "name": "Can add session",
      "content_type": 5,
      "codename": "add_session"
    }
  },
  {
    "model": "auth.permission",
    "pk": 18,
    "fields": {
      "name": "Can change session",
      "content_type": 5,
      "codename": "change_session"
    }
  },
  {
    "model": "auth.permission",
    "pk": 19,
    "fields": {
      "name": "Can delete session",
      "content_type": 5,
      "codename": "delete_session"
    }
  },
  {
    "model": "auth.permission",
    "pk": 20,
    "fields": {
      "name": "Can view session",
      "content_type": 5,
      "codename": "view_session"
    }
  },
  {
    "model": "auth.permission",
    "pk": 21,
    "fields": {
      "name": "Can add usuário",
      "content_type": 6,
      "codename": "add_user"
    }
  },
  {
    "model": "auth.permission",
    "pk": 22,
    "fields": {
      "name": "Can change usuário",
      "content_type": 6,
      "codename": "change_user"
    }
  },
  {
    "model": "auth.permission",
    "pk": 23,
    "fields": {
      "name": "Can delete usuário",
      "content_type": 6,
      "codename": "delete_user"
    }
  },
  {
    "model": "auth.permission",
    "pk": 24,
    "fields": {
      "name": "Can view usuário",
      "content_type": 6,
      "codename": "view_user"
    }
  },
  {
    "model": "auth.permission",
    "pk": 25,
    "fields": {
      "name": "Can add curso",
      "content_type": 7,
      "codename": "add_course"
    }
  },
  {
    "model": "auth.permission",
    "pk": 26,
    "fields": {
      "name": "Can change curso",
      "content_type": 7,
      "codename": "change_course"
    }
  },
  {
    "model": "auth.permission",
    "pk": 27,
    "fields": {
      "name": "Can delete curso",
      "content_type": 7,
      "codename": "delete_course"
    }
  },
  {
    "model": "auth.permission",
    "pk": 28,
    "fields": {
      "name": "Can view curso",
      "content_type": 7,
      "codename": "view_course"
    }
  },
  {
    "model": "auth.permission",
    "pk": 29,
    "fields": {
      "name": "Can add grade",
      "content_type": 8,
      "codename": "add_grid"
    }
  },
  {
    "model": "auth.permission",
    "pk": 30,
    "fields": {
      "name": "Can change grade",
      "content_type": 8,
      "codename": "change_grid"
    }
  },
  {
    "model": "auth.permission",
    "pk": 31,
    "fields": {
      "name": "Can delete grade",
      "content_type": 8,
      "codename": "delete_grid"
    }
  },
  {
    "model": "auth.permission",
    "pk": 32,
    "fields": {
      "name": "Can view grade",
      "content_type": 8,
      "codename": "view_grid"
    }
  },
  {
    "model": "auth.permission",
    "pk": 33,
    "fields": {
      "name": "Can add post",
      "content_type": 9,
      "codename": "add_post"
    }
  },
  {
    "model": "auth.permission",
    "pk": 34,
    "fields": {
      "name": "Can change post",
      "content_type": 9,
      "codename": "change_post"
    }
  },
  {
    "model": "auth.permission",
    "pk": 35,
    "fields": {
      "name": "Can delete post",
      "content_type": 9,
      "codename": "delete_post"
    }
  },
  {
    "model": "auth.permission",
    "pk": 36,
    "fields": {
      "name": "Can view post",
      "content_type": 9,
      "codename": "view_post"
    }
  },
  {
    "model": "auth.permission",
    "pk": 37,
    "fields": {
      "name": "Can add linguagem de programação",
      "content_type": 10,
      "codename": "add_proglanguage"
    }
  },
  {
    "model": "auth.permission",
    "pk": 38,
    "fields": {
      "name": "Can change linguagem de programação",
      "content_type": 10,
      "codename": "change_proglanguage"
    }
  },
  {
    "model": "auth.permission",
    "pk": 39,
    "fields": {
      "name": "Can delete linguagem de programação",
      "content_type": 10,
      "codename": "delete_proglanguage"
    }
  },
  {
    "model": "auth.permission",
    "pk": 40,
    "fields": {
      "name": "Can view linguagem de programação",
      "content_type": 10,
      "codename": "view_proglanguage"
    }
  },
  {
    "model": "auth.permission",
    "pk": 41,
    "fields": {
      "name": "Can add disciplina",
      "content_type": 11,
      "codename": "add_subjects"
    }
  },
  {
    "model": "auth.permission",
    "pk": 42,
    "fields": {
      "name": "Can change disciplina",
      "content_type": 11,
      "codename": "change_subjects"
    }
  },
  {
    "model": "auth.permission",
    "pk": 43,
    "fields": {
      "name": "Can delete disciplina",
      "content_type": 11,
      "codename": "delete_subjects"
    }
  },
  {
    "model": "auth.permission",
    "pk": 44,
    "fields": {
      "name": "Can view disciplina",
      "content_type": 11,
      "codename": "view_subjects"
    }
  },
  {
    "model": "auth.permission",
    "pk": 45,
    "fields": {
      "name": "Can add avaliação",
      "content_type": 12,
      "codename": "add_rating"
    }
  },
  {
    "model": "auth.permission",
    "pk": 46,
    "fields": {
      "name": "Can change avaliação",
      "content_type": 12,
      "codename": "change_rating"
    }
  },
  {
    "model": "auth.permission",
    "pk": 47,
    "fields": {
      "name": "Can delete avaliação",
      "content_type": 12,
      "codename": "delete_rating"
    }
  },
  {
    "model": "auth.permission",
    "pk": 48,
    "fields": {
      "name": "Can view avaliação",
      "content_type": 12,
      "codename": "view_rating"
    }
  },
  {
    "model": "auth.permission",
    "pk": 49,
    "fields": {
      "name": "Can add módulo",
      "content_type": 13,
      "codename": "add_module"
    }
  },
  {
    "model": "auth.permission",
    "pk": 50,
    "fields": {
      "name": "Can change módulo",
      "content_type": 13,
      "codename": "change_module"
    }
  },
  {
    "model": "auth.permission",
    "pk": 51,
    "fields": {
      "name": "Can delete módulo",
      "content_type": 13,
      "codename": "delete_module"
    }
  },
  {
    "model": "auth.permission",
    "pk": 52,
    "fields": {
      "name": "Can view módulo",
      "content_type": 13,
      "codename": "view_module"
    }
  },
  {
    "model": "contenttypes.contenttype",
    "pk": 1,
    "fields": { "app_label": "admin", "model": "logentry" }
  },
  {
    "model": "contenttypes.contenttype",
    "pk": 2,
    "fields": { "app_label": "auth", "model": "permission" }
  },
  {
    "model": "contenttypes.contenttype",
    "pk": 3,
    "fields": { "app_label": "auth", "model": "group" }
  },
  {
    "model": "contenttypes.contenttype",
    "pk": 4,
    "fields": { "app_label": "contenttypes", "model": "contenttype" }
  },
  {
    "model": "contenttypes.contenttype",
    "pk": 5,
    "fields": { "app_label": "sessions", "model": "session" }
  },
  {
    "model": "contenttypes.contenttype",
    "pk": 6,
    "fields": { "app_label": "account", "model": "user" }
  },
  {
    "model": "contenttypes.contenttype",
    "pk": 7,
    "fields": { "app_label": "blog", "model": "course" }
  },
  {
    "model": "contenttypes.contenttype",
    "pk": 8,
    "fields": { "app_label": "blog", "model": "grid" }
  },
  {
    "model": "contenttypes.contenttype",
    "pk": 9,
    "fields": { "app_label": "blog", "model": "post" }
  },
  {
    "model": "contenttypes.contenttype",
    "pk": 10,
    "fields": { "app_label": "blog", "model": "proglanguage" }
  },
  {
    "model": "contenttypes.contenttype",
    "pk": 11,
    "fields": { "app_label": "blog", "model": "subjects" }
  },
  {
    "model": "contenttypes.contenttype",
    "pk": 12,
    "fields": { "app_label": "blog", "model": "rating" }
  },
  {
    "model": "contenttypes.contenttype",
    "pk": 13,
    "fields": { "app_label": "blog", "model": "module" }
  },
  {
    "model": "sessions.session",
    "pk": "3t61hprbshgy4citdyfq27y0c8o18y1p",
    "fields": {
      "session_data": ".eJxVjMEOwiAQRP-FsyEguIBH7_0GsmUXqRpISnsy_rtt0oMe5jLvzbxFxHUpce08x4nEVWhx-u1GTE-uO6AH1nuTqdVlnka5K_KgXQ6N-HU73L-Dgr1sa5cTnAEwKAholCcNlJVlbTWyN36LRgdkbL4Ej8YGDaACMzmLzirx-QLHQTb1:1q5WC7:l4UVO0utgTdOKnM1TvBEaldYcNaDEjl31StEvsgbH-c",
      "expire_date": "2023-06-17T18:41:43.067Z"
    }
  },
  {
    "model": "sessions.session",
    "pk": "57lgjr9z4ijdsbnddc6ish2g63vh8hzy",
    "fields": {
      "session_data": ".eJxVjMEOwiAQRP-FsyEguIBH7_0GsmUXqRpISnsy_rtt0oMe5jLvzbxFxHUpce08x4nEVWhx-u1GTE-uO6AH1nuTqdVlnka5K_KgXQ6N-HU73L-Dgr1sa5cTnAEwKAholCcNlJVlbTWyN36LRgdkbL4Ej8YGDaACMzmLzirx-QLHQTb1:1q1wH7:xszIwGf_w8yni9nLtyykk_eJvc36_vXLF8QX6KjcgHo",
      "expire_date": "2023-06-07T21:44:05.822Z"
    }
  },
  {
    "model": "sessions.session",
    "pk": "lq28d64f0pk7xmvwk43kdototdxgksa6",
    "fields": {
      "session_data": ".eJxVjMEOwiAQRP-FsyEguIBH7_0GsmUXqRpISnsy_rtt0oMe5jLvzbxFxHUpce08x4nEVWhx-u1GTE-uO6AH1nuTqdVlnka5K_KgXQ6N-HU73L-Dgr1sa5cTnAEwKAholCcNlJVlbTWyN36LRgdkbL4Ej8YGDaACMzmLzirx-QLHQTb1:1pytFA:ifwr8SIFvNLfexSZzXmW7XxlbZWM2i_YZOw0p-gnZww",
      "expire_date": "2023-05-30T11:53:28.110Z"
    }
  },
  {
    "model": "sessions.session",
    "pk": "rcugnvfpy3xp837eq2jercbu0r2ttehy",
    "fields": {
      "session_data": "e30:1pzHD0:pdVd76IRJFgfwAifkxr3P-2zr7G8evLNclst9vXmv-4",
      "expire_date": "2023-05-31T13:28:50.807Z"
    }
  },
  {
    "model": "sessions.session",
    "pk": "rti15f854bclts0n1pefnybnx6p91ybl",
    "fields": {
      "session_data": ".eJxVjLEOAiEQRP-F2hCWBeUs7f0GwrIgpwaS464y_ruSXKHlzHszL-HDtha_9bT4mcVZHMXht6MQH6kOwPdQb03GVtdlJjkUudMur43T87K7fwcl9PJdK40xIWhGnTCd1IQTKEMKDEeHNhKSRgNEoF3mrKMdKbOFDNmBFe8PxQE3TA:1pz4As:d2PIPOuigrKfZxvM98pvx0oPbzqo5JsxAWZlaqKaI_I",
      "expire_date": "2023-05-30T23:33:46.783Z"
    }
  },
  {
    "model": "sessions.session",
    "pk": "v76ax6saahf50jsoexor6vsj1unr1kge",
    "fields": {
      "session_data": "e30:1pzHBh:ap5GzdIXDFqELB3U1t9WYBVYdS3r_ezDGpHnSX-Aa7E",
      "expire_date": "2023-05-31T13:27:29.942Z"
    }
  },
  {
    "model": "sessions.session",
    "pk": "wg1zi5uunlbhv6mo77h9rjj5rkuhogk9",
    "fields": {
      "session_data": ".eJxVjMEOwiAQRP-FsyEguIBH7_0GsmUXqRpISnsy_rtt0oMe5jLvzbxFxHUpce08x4nEVWhx-u1GTE-uO6AH1nuTqdVlnka5K_KgXQ6N-HU73L-Dgr1sa5cTnAEwKAholCcNlJVlbTWyN36LRgdkbL4Ej8YGDaACMzmLzirx-QLHQTb1:1pyuja:XL6fJmesSB0B0t0xpnPjIQe3I4D7ep0a_M0Y4UA5eKA",
      "expire_date": "2023-05-30T13:28:58.640Z"
    }
  },
  {
    "model": "account.user",
    "pk": 1,
    "fields": {
      "password": "pbkdf2_sha256$600000$QGD98HrDn9BzQ02jvZiFyC$+JDncs5fCjypTrXpBAr1HQRdOPU3P+NXD9TB4P93M3Q=",
      "last_login": "2023-06-03T18:41:42.942Z",
      "matriculation": "2022121tads0020",
      "username": "rochagabriel",
      "email": "rochagabriell.dev@gmail.com",
      "is_staff": true,
      "is_superuser": true,
      "is_active": true,
      "date_joined": "2023-05-08T12:34:48.527Z",
      "date_changed": "2023-05-08T12:34:48.527Z",
      "token": null,
      "groups": [],
      "user_permissions": []
    }
  },
  {
    "model": "account.user",
    "pk": 4,
    "fields": {
      "password": "pbkdf2_sha256$600000$470aVuHmVWs6B7G57KsJYu$1tVWkYmbscmHUIh8S5YRCLvAPVcLKBkTeLXg+KcdxRM=",
      "last_login": "2023-05-16T15:30:40.127Z",
      "matriculation": "2022121TADS0026",
      "username": "Estevão",
      "email": "jajac47360@jrvps.com",
      "is_staff": false,
      "is_superuser": false,
      "is_active": true,
      "date_joined": "2023-05-13T21:21:09.835Z",
      "date_changed": "2023-05-13T21:21:09.835Z",
      "token": null,
      "groups": [],
      "user_permissions": []
    }
  },
  {
    "model": "account.user",
    "pk": 5,
    "fields": {
      "password": "pbkdf2_sha256$600000$O5MqSCvYZkzztAPIrbn6dd$Za4uWgJy3j5HmD6h8J9TnSqFzlh8KDmDzSIGcrx8THw=",
      "last_login": "2023-05-17T13:33:48.204Z",
      "matriculation": "2022121TADS0001",
      "username": "Lele",
      "email": "2022121TADS0001@gmail.com",
      "is_staff": false,
      "is_superuser": false,
      "is_active": true,
      "date_joined": "2023-05-16T22:10:45.797Z",
      "date_changed": "2023-05-16T22:10:45.797Z",
      "token": null,
      "groups": [],
      "user_permissions": []
    }
  },
  {
    "model": "account.user",
    "pk": 6,
    "fields": {
      "password": "pbkdf2_sha256$600000$i9oGzxGdVEUmCmX7bPyUGv$vi3PKdB2aQvnMiFt9ju1Dci0ORaFq0T/UYNt7LgrPr0=",
      "last_login": "2023-05-16T23:33:46.587Z",
      "matriculation": "99999",
      "username": "wellington",
      "email": "wellingtonasc38@gmail.com",
      "is_staff": false,
      "is_superuser": false,
      "is_active": true,
      "date_joined": "2023-05-16T23:33:35.125Z",
      "date_changed": "2023-05-16T23:33:35.125Z",
      "token": null,
      "groups": [],
      "user_permissions": []
    }
  },
  {
    "model": "account.user",
    "pk": 7,
    "fields": {
      "password": "pbkdf2_sha256$600000$NKbsXCE02ZgHlRun3iFP0y$VtviQA1AOmMTw2ovvk/dleebPMa36YRC3UAC2FFPuu4=",
      "last_login": "2023-06-01T22:24:46.631Z",
      "matriculation": "2022121TADS0015",
      "username": "marcos",
      "email": "marcosdoamaral2002@gmail.com",
      "is_staff": false,
      "is_superuser": false,
      "is_active": true,
      "date_joined": "2023-05-17T21:41:11.144Z",
      "date_changed": "2023-05-17T21:41:11.144Z",
      "token": null,
      "groups": [],
      "user_permissions": []
    }
  },
  {
    "model": "blog.course",
    "pk": 1,
    "fields": {
      "description": "Análise e Desenvolvimento de Sistemas",
      "created_at": "2023-05-13T21:03:51.765Z",
      "updated_at": "2023-05-13T21:03:51.765Z"
    }
  },
  {
    "model": "blog.module",
    "pk": 2,
    "fields": {
      "description": "Módulo I",
      "id_course": 1,
      "created_at": "2023-05-13T23:41:35.069Z",
      "updated_at": "2023-05-13T23:41:35.069Z"
    }
  },
  {
    "model": "blog.module",
    "pk": 3,
    "fields": {
      "description": "Módulo II",
      "id_course": 1,
      "created_at": "2023-05-13T23:41:39.750Z",
      "updated_at": "2023-05-13T23:41:39.750Z"
    }
  },
  {
    "model": "blog.module",
    "pk": 4,
    "fields": {
      "description": "Módulo III",
      "id_course": 1,
      "created_at": "2023-05-13T23:41:44.726Z",
      "updated_at": "2023-05-13T23:41:44.726Z"
    }
  },
  {
    "model": "blog.module",
    "pk": 5,
    "fields": {
      "description": "Módulo IV",
      "id_course": 1,
      "created_at": "2023-05-13T23:41:52.368Z",
      "updated_at": "2023-05-14T05:19:23.273Z"
    }
  },
  {
    "model": "blog.module",
    "pk": 6,
    "fields": {
      "description": "Módulo V",
      "id_course": 1,
      "created_at": "2023-05-13T23:41:59.920Z",
      "updated_at": "2023-05-13T23:41:59.920Z"
    }
  },
  {
    "model": "blog.module",
    "pk": 7,
    "fields": {
      "description": "Módulo VI",
      "id_course": 1,
      "created_at": "2023-05-13T23:42:06.684Z",
      "updated_at": "2023-05-13T23:42:06.684Z"
    }
  },
  {
    "model": "blog.subjects",
    "pk": 2,
    "fields": {
      "description": "Matemática Computacional",
      "created_at": "2023-05-13T23:37:22.750Z",
      "updated_at": "2023-05-13T23:37:22.750Z"
    }
  },
  {
    "model": "blog.subjects",
    "pk": 3,
    "fields": {
      "description": "Atividades Linguísticas",
      "created_at": "2023-05-13T23:37:22.979Z",
      "updated_at": "2023-05-13T23:37:22.979Z"
    }
  },
  {
    "model": "blog.subjects",
    "pk": 4,
    "fields": {
      "description": "Inglês Técnico",
      "created_at": "2023-05-13T23:37:23.186Z",
      "updated_at": "2023-05-13T23:37:23.186Z"
    }
  },
  {
    "model": "blog.subjects",
    "pk": 5,
    "fields": {
      "description": "Introdução a Computação",
      "created_at": "2023-05-13T23:37:23.393Z",
      "updated_at": "2023-05-14T04:17:21.732Z"
    }
  },
  {
    "model": "blog.subjects",
    "pk": 6,
    "fields": {
      "description": "Algoritmo e Programação",
      "created_at": "2023-05-13T23:37:23.656Z",
      "updated_at": "2023-05-14T04:17:49.474Z"
    }
  },
  {
    "model": "blog.subjects",
    "pk": 7,
    "fields": {
      "description": "Metodologia Científica",
      "created_at": "2023-05-13T23:37:23.863Z",
      "updated_at": "2023-05-13T23:37:23.863Z"
    }
  },
  {
    "model": "blog.subjects",
    "pk": 8,
    "fields": {
      "description": "Programação Orientada a Objetos",
      "created_at": "2023-05-13T23:37:24.081Z",
      "updated_at": "2023-05-13T23:37:24.081Z"
    }
  },
  {
    "model": "blog.subjects",
    "pk": 9,
    "fields": {
      "description": "Banco de Dados I",
      "created_at": "2023-05-13T23:37:24.289Z",
      "updated_at": "2023-05-13T23:37:24.289Z"
    }
  },
  {
    "model": "blog.subjects",
    "pk": 10,
    "fields": {
      "description": "Engenharia de Software I",
      "created_at": "2023-05-13T23:37:24.496Z",
      "updated_at": "2023-05-13T23:37:24.496Z"
    }
  },
  {
    "model": "blog.subjects",
    "pk": 11,
    "fields": {
      "description": "Estrutura de Dados I",
      "created_at": "2023-05-13T23:37:24.759Z",
      "updated_at": "2023-05-13T23:37:24.759Z"
    }
  },
  {
    "model": "blog.subjects",
    "pk": 12,
    "fields": {
      "description": "Estátisca",
      "created_at": "2023-05-13T23:37:24.966Z",
      "updated_at": "2023-05-13T23:37:24.966Z"
    }
  },
  {
    "model": "blog.subjects",
    "pk": 13,
    "fields": {
      "description": "Banco de Dados II",
      "created_at": "2023-05-13T23:37:25.173Z",
      "updated_at": "2023-05-13T23:37:25.173Z"
    }
  },
  {
    "model": "blog.subjects",
    "pk": 14,
    "fields": {
      "description": "Arquitetura de Computadores",
      "created_at": "2023-05-13T23:37:25.381Z",
      "updated_at": "2023-05-13T23:37:25.381Z"
    }
  },
  {
    "model": "blog.subjects",
    "pk": 15,
    "fields": {
      "description": "Sistemas Operacionais",
      "created_at": "2023-05-13T23:37:25.632Z",
      "updated_at": "2023-05-13T23:37:25.632Z"
    }
  },
  {
    "model": "blog.subjects",
    "pk": 16,
    "fields": {
      "description": "Estrutura de Dados II",
      "created_at": "2023-05-13T23:37:25.840Z",
      "updated_at": "2023-05-13T23:37:25.840Z"
    }
  },
  {
    "model": "blog.subjects",
    "pk": 17,
    "fields": {
      "description": "Programação para Internet I",
      "created_at": "2023-05-13T23:37:26.047Z",
      "updated_at": "2023-05-13T23:37:26.047Z"
    }
  },
  {
    "model": "blog.subjects",
    "pk": 18,
    "fields": {
      "description": "Engenharia de Software II",
      "created_at": "2023-05-13T23:37:26.495Z",
      "updated_at": "2023-05-13T23:37:26.495Z"
    }
  },
  {
    "model": "blog.subjects",
    "pk": 19,
    "fields": {
      "description": "Projeto Integrador I",
      "created_at": "2023-05-13T23:37:27.069Z",
      "updated_at": "2023-05-13T23:37:27.069Z"
    }
  },
  {
    "model": "blog.subjects",
    "pk": 20,
    "fields": {
      "description": "Engenharia de Software III",
      "created_at": "2023-05-13T23:37:27.529Z",
      "updated_at": "2023-05-13T23:37:27.529Z"
    }
  },
  {
    "model": "blog.subjects",
    "pk": 21,
    "fields": {
      "description": "Redes de Computadores",
      "created_at": "2023-05-13T23:37:28.282Z",
      "updated_at": "2023-05-13T23:37:28.282Z"
    }
  },
  {
    "model": "blog.subjects",
    "pk": 22,
    "fields": {
      "description": "Analise e Projeto de Sistemas",
      "created_at": "2023-05-13T23:37:29.072Z",
      "updated_at": "2023-05-13T23:37:29.072Z"
    }
  },
  {
    "model": "blog.subjects",
    "pk": 23,
    "fields": {
      "description": "Introdução a Administração",
      "created_at": "2023-05-13T23:37:29.322Z",
      "updated_at": "2023-05-13T23:37:29.322Z"
    }
  },
  {
    "model": "blog.subjects",
    "pk": 24,
    "fields": {
      "description": "Programação para Internet II",
      "created_at": "2023-05-13T23:37:29.654Z",
      "updated_at": "2023-05-13T23:37:29.654Z"
    }
  },
  {
    "model": "blog.subjects",
    "pk": 25,
    "fields": {
      "description": "Projeto Integrador II",
      "created_at": "2023-05-13T23:37:30.039Z",
      "updated_at": "2023-05-13T23:37:30.039Z"
    }
  },
  {
    "model": "blog.subjects",
    "pk": 26,
    "fields": {
      "description": "Interação Humano Computador",
      "created_at": "2023-05-13T23:37:30.237Z",
      "updated_at": "2023-05-13T23:37:30.237Z"
    }
  },
  {
    "model": "blog.subjects",
    "pk": 27,
    "fields": {
      "description": "Tópicos Especiais em Programação",
      "created_at": "2023-05-13T23:37:30.445Z",
      "updated_at": "2023-05-13T23:37:30.445Z"
    }
  },
  {
    "model": "blog.subjects",
    "pk": 28,
    "fields": {
      "description": "Programação para Dispositivos Móveis",
      "created_at": "2023-05-13T23:37:30.663Z",
      "updated_at": "2023-05-13T23:37:30.663Z"
    }
  },
  {
    "model": "blog.subjects",
    "pk": 29,
    "fields": {
      "description": "Engenharia de Software IV",
      "created_at": "2023-05-13T23:37:30.870Z",
      "updated_at": "2023-05-13T23:37:30.870Z"
    }
  },
  {
    "model": "blog.subjects",
    "pk": 30,
    "fields": {
      "description": "Projeto Integrador III",
      "created_at": "2023-05-13T23:37:31.077Z",
      "updated_at": "2023-05-13T23:37:31.077Z"
    }
  },
  {
    "model": "blog.subjects",
    "pk": 31,
    "fields": {
      "description": "Elaboração de Projetos de Pesquisa",
      "created_at": "2023-05-13T23:37:31.284Z",
      "updated_at": "2023-05-13T23:37:31.284Z"
    }
  },
  {
    "model": "blog.subjects",
    "pk": 32,
    "fields": {
      "description": "Segurança da Informação",
      "created_at": "2023-05-13T23:37:31.492Z",
      "updated_at": "2023-05-13T23:37:31.492Z"
    }
  },
  {
    "model": "blog.subjects",
    "pk": 33,
    "fields": {
      "description": "Empreendedorismo e Inovação",
      "created_at": "2023-05-13T23:37:31.743Z",
      "updated_at": "2023-05-13T23:37:31.743Z"
    }
  },
  {
    "model": "blog.subjects",
    "pk": 34,
    "fields": {
      "description": "Tópicos Especiais em Sistema de Informação",
      "created_at": "2023-05-13T23:37:31.995Z",
      "updated_at": "2023-05-13T23:37:31.995Z"
    }
  },
  {
    "model": "blog.subjects",
    "pk": 35,
    "fields": {
      "description": "Lesgislação Aplciada a Tecnologia da Informação",
      "created_at": "2023-05-13T23:37:32.327Z",
      "updated_at": "2023-05-13T23:37:32.327Z"
    }
  },
  {
    "model": "blog.subjects",
    "pk": 36,
    "fields": {
      "description": "Ética e Responsabilidade Socioambiental",
      "created_at": "2023-05-13T23:37:32.534Z",
      "updated_at": "2023-05-13T23:37:32.534Z"
    }
  },
  {
    "model": "blog.subjects",
    "pk": 37,
    "fields": {
      "description": "Trabalho de Conclusão de Curso",
      "created_at": "2023-05-13T23:37:32.742Z",
      "updated_at": "2023-05-13T23:37:32.742Z"
    }
  },
  {
    "model": "blog.grid",
    "pk": 2,
    "fields": {
      "id_module": 2,
      "id_subject": 3,
      "created_at": "2023-05-14T04:16:24.830Z",
      "updated_at": "2023-05-14T04:16:24.830Z"
    }
  },
  {
    "model": "blog.grid",
    "pk": 3,
    "fields": {
      "id_module": 2,
      "id_subject": 2,
      "created_at": "2023-05-14T04:16:30.857Z",
      "updated_at": "2023-05-14T04:16:30.857Z"
    }
  },
  {
    "model": "blog.grid",
    "pk": 4,
    "fields": {
      "id_module": 2,
      "id_subject": 4,
      "created_at": "2023-05-14T04:16:36.612Z",
      "updated_at": "2023-05-14T04:16:36.612Z"
    }
  },
  {
    "model": "blog.grid",
    "pk": 5,
    "fields": {
      "id_module": 2,
      "id_subject": 5,
      "created_at": "2023-05-14T04:16:41.790Z",
      "updated_at": "2023-05-14T04:17:25.084Z"
    }
  },
  {
    "model": "blog.grid",
    "pk": 6,
    "fields": {
      "id_module": 2,
      "id_subject": 6,
      "created_at": "2023-05-14T04:16:58.528Z",
      "updated_at": "2023-05-14T04:17:51.457Z"
    }
  },
  {
    "model": "blog.grid",
    "pk": 7,
    "fields": {
      "id_module": 3,
      "id_subject": 7,
      "created_at": "2023-05-14T04:39:00.674Z",
      "updated_at": "2023-05-14T04:39:00.674Z"
    }
  },
  {
    "model": "blog.grid",
    "pk": 8,
    "fields": {
      "id_module": 3,
      "id_subject": 8,
      "created_at": "2023-05-14T04:39:07.970Z",
      "updated_at": "2023-05-14T04:39:07.970Z"
    }
  },
  {
    "model": "blog.grid",
    "pk": 9,
    "fields": {
      "id_module": 3,
      "id_subject": 9,
      "created_at": "2023-05-14T04:39:13.312Z",
      "updated_at": "2023-05-14T04:39:13.312Z"
    }
  },
  {
    "model": "blog.grid",
    "pk": 10,
    "fields": {
      "id_module": 3,
      "id_subject": 10,
      "created_at": "2023-05-14T04:39:23.272Z",
      "updated_at": "2023-05-14T04:39:23.272Z"
    }
  },
  {
    "model": "blog.grid",
    "pk": 11,
    "fields": {
      "id_module": 3,
      "id_subject": 11,
      "created_at": "2023-05-14T04:39:31.405Z",
      "updated_at": "2023-05-14T04:39:31.405Z"
    }
  },
  {
    "model": "blog.grid",
    "pk": 12,
    "fields": {
      "id_module": 3,
      "id_subject": 12,
      "created_at": "2023-05-14T04:39:35.737Z",
      "updated_at": "2023-05-14T04:39:35.737Z"
    }
  },
  {
    "model": "blog.grid",
    "pk": 13,
    "fields": {
      "id_module": 4,
      "id_subject": 13,
      "created_at": "2023-05-14T04:47:31.565Z",
      "updated_at": "2023-05-14T04:47:31.565Z"
    }
  },
  {
    "model": "blog.grid",
    "pk": 14,
    "fields": {
      "id_module": 4,
      "id_subject": 14,
      "created_at": "2023-05-14T04:47:37.663Z",
      "updated_at": "2023-05-14T04:47:37.663Z"
    }
  },
  {
    "model": "blog.grid",
    "pk": 15,
    "fields": {
      "id_module": 4,
      "id_subject": 15,
      "created_at": "2023-05-14T04:47:46.364Z",
      "updated_at": "2023-05-14T04:47:46.364Z"
    }
  },
  {
    "model": "blog.grid",
    "pk": 16,
    "fields": {
      "id_module": 4,
      "id_subject": 16,
      "created_at": "2023-05-14T04:47:54.855Z",
      "updated_at": "2023-05-14T04:47:54.856Z"
    }
  },
  {
    "model": "blog.grid",
    "pk": 17,
    "fields": {
      "id_module": 4,
      "id_subject": 17,
      "created_at": "2023-05-14T04:48:01.288Z",
      "updated_at": "2023-05-14T04:48:01.288Z"
    }
  },
  {
    "model": "blog.grid",
    "pk": 18,
    "fields": {
      "id_module": 4,
      "id_subject": 18,
      "created_at": "2023-05-14T04:48:08.340Z",
      "updated_at": "2023-05-14T04:48:08.340Z"
    }
  },
  {
    "model": "blog.grid",
    "pk": 19,
    "fields": {
      "id_module": 4,
      "id_subject": 19,
      "created_at": "2023-05-14T04:48:13.976Z",
      "updated_at": "2023-05-14T04:48:13.976Z"
    }
  },
  {
    "model": "blog.grid",
    "pk": 20,
    "fields": {
      "id_module": 5,
      "id_subject": 20,
      "created_at": "2023-05-14T04:50:24.729Z",
      "updated_at": "2023-05-14T04:50:24.729Z"
    }
  },
  {
    "model": "blog.grid",
    "pk": 21,
    "fields": {
      "id_module": 5,
      "id_subject": 21,
      "created_at": "2023-05-14T04:50:32.105Z",
      "updated_at": "2023-05-14T04:50:32.105Z"
    }
  },
  {
    "model": "blog.grid",
    "pk": 22,
    "fields": {
      "id_module": 5,
      "id_subject": 22,
      "created_at": "2023-05-14T04:50:52.421Z",
      "updated_at": "2023-05-14T04:50:52.421Z"
    }
  },
  {
    "model": "blog.grid",
    "pk": 23,
    "fields": {
      "id_module": 5,
      "id_subject": 23,
      "created_at": "2023-05-14T04:51:21.791Z",
      "updated_at": "2023-05-14T04:51:21.791Z"
    }
  },
  {
    "model": "blog.grid",
    "pk": 24,
    "fields": {
      "id_module": 5,
      "id_subject": 24,
      "created_at": "2023-05-14T04:51:35.505Z",
      "updated_at": "2023-05-14T04:51:35.505Z"
    }
  },
  {
    "model": "blog.grid",
    "pk": 25,
    "fields": {
      "id_module": 5,
      "id_subject": 25,
      "created_at": "2023-05-14T04:51:49.112Z",
      "updated_at": "2023-05-14T04:51:49.112Z"
    }
  },
  {
    "model": "blog.grid",
    "pk": 26,
    "fields": {
      "id_module": 6,
      "id_subject": 26,
      "created_at": "2023-05-14T04:53:02.587Z",
      "updated_at": "2023-05-14T04:53:02.587Z"
    }
  },
  {
    "model": "blog.grid",
    "pk": 27,
    "fields": {
      "id_module": 6,
      "id_subject": 27,
      "created_at": "2023-05-14T04:53:17.440Z",
      "updated_at": "2023-05-14T04:53:17.440Z"
    }
  },
  {
    "model": "blog.grid",
    "pk": 28,
    "fields": {
      "id_module": 6,
      "id_subject": 28,
      "created_at": "2023-05-14T04:53:36.276Z",
      "updated_at": "2023-05-14T04:53:36.277Z"
    }
  },
  {
    "model": "blog.grid",
    "pk": 29,
    "fields": {
      "id_module": 6,
      "id_subject": 29,
      "created_at": "2023-05-14T04:53:43.537Z",
      "updated_at": "2023-05-14T04:53:43.537Z"
    }
  },
  {
    "model": "blog.grid",
    "pk": 30,
    "fields": {
      "id_module": 6,
      "id_subject": 30,
      "created_at": "2023-05-14T04:53:55.023Z",
      "updated_at": "2023-05-14T04:53:55.023Z"
    }
  },
  {
    "model": "blog.grid",
    "pk": 31,
    "fields": {
      "id_module": 6,
      "id_subject": 31,
      "created_at": "2023-05-14T04:54:03.849Z",
      "updated_at": "2023-05-14T04:54:03.849Z"
    }
  },
  {
    "model": "blog.grid",
    "pk": 32,
    "fields": {
      "id_module": 7,
      "id_subject": 32,
      "created_at": "2023-05-14T04:54:24.562Z",
      "updated_at": "2023-05-14T04:54:24.562Z"
    }
  },
  {
    "model": "blog.grid",
    "pk": 33,
    "fields": {
      "id_module": 7,
      "id_subject": 33,
      "created_at": "2023-05-14T04:54:36.879Z",
      "updated_at": "2023-05-14T04:54:36.879Z"
    }
  },
  {
    "model": "blog.grid",
    "pk": 34,
    "fields": {
      "id_module": 7,
      "id_subject": 34,
      "created_at": "2023-05-14T04:54:43.369Z",
      "updated_at": "2023-05-14T04:54:43.369Z"
    }
  },
  {
    "model": "blog.grid",
    "pk": 35,
    "fields": {
      "id_module": 7,
      "id_subject": 35,
      "created_at": "2023-05-14T04:54:54.016Z",
      "updated_at": "2023-05-14T04:54:54.016Z"
    }
  },
  {
    "model": "blog.grid",
    "pk": 36,
    "fields": {
      "id_module": 7,
      "id_subject": 36,
      "created_at": "2023-05-14T04:55:03.569Z",
      "updated_at": "2023-05-14T04:55:03.569Z"
    }
  },
  {
    "model": "blog.grid",
    "pk": 37,
    "fields": {
      "id_module": 7,
      "id_subject": 37,
      "created_at": "2023-05-14T04:55:12.625Z",
      "updated_at": "2023-05-14T04:55:12.625Z"
    }
  },
  {
    "model": "blog.proglanguage",
    "pk": 1,
    "fields": {
      "description": "Python",
      "created_at": "2023-05-13T21:04:30.825Z",
      "updated_at": "2023-05-13T21:04:30.825Z"
    }
  },
  {
    "model": "blog.proglanguage",
    "pk": 3,
    "fields": {
      "description": "Java",
      "created_at": "2023-05-13T23:36:41.977Z",
      "updated_at": "2023-05-13T23:36:41.977Z"
    }
  },
  {
    "model": "blog.proglanguage",
    "pk": 4,
    "fields": {
      "description": "C",
      "created_at": "2023-05-13T23:36:42.417Z",
      "updated_at": "2023-05-13T23:36:42.418Z"
    }
  },
  {
    "model": "blog.proglanguage",
    "pk": 5,
    "fields": {
      "description": "C++",
      "created_at": "2023-05-13T23:36:42.625Z",
      "updated_at": "2023-05-13T23:36:42.625Z"
    }
  },
  {
    "model": "blog.proglanguage",
    "pk": 6,
    "fields": {
      "description": "C#",
      "created_at": "2023-05-13T23:36:42.979Z",
      "updated_at": "2023-05-13T23:36:42.979Z"
    }
  },
  {
    "model": "blog.proglanguage",
    "pk": 7,
    "fields": {
      "description": "JavaScript",
      "created_at": "2023-05-13T23:36:43.219Z",
      "updated_at": "2023-05-13T23:36:43.220Z"
    }
  },
  {
    "model": "blog.proglanguage",
    "pk": 8,
    "fields": {
      "description": "PHP",
      "created_at": "2023-05-13T23:36:43.427Z",
      "updated_at": "2023-05-13T23:36:43.427Z"
    }
  },
  {
    "model": "blog.proglanguage",
    "pk": 9,
    "fields": {
      "description": "Ruby",
      "created_at": "2023-05-13T23:36:43.779Z",
      "updated_at": "2023-05-13T23:36:43.779Z"
    }
  },
  {
    "model": "blog.proglanguage",
    "pk": 10,
    "fields": {
      "description": "R",
      "created_at": "2023-05-13T23:36:44.041Z",
      "updated_at": "2023-05-13T23:36:44.041Z"
    }
  },
  {
    "model": "blog.proglanguage",
    "pk": 11,
    "fields": {
      "description": "Go",
      "created_at": "2023-05-13T23:36:44.248Z",
      "updated_at": "2023-05-13T23:36:44.248Z"
    }
  },
  {
    "model": "blog.proglanguage",
    "pk": 12,
    "fields": {
      "description": "Swift",
      "created_at": "2023-05-13T23:36:44.444Z",
      "updated_at": "2023-05-13T23:36:44.445Z"
    }
  },
  {
    "model": "blog.proglanguage",
    "pk": 13,
    "fields": {
      "description": "Kotlin",
      "created_at": "2023-05-13T23:36:44.708Z",
      "updated_at": "2023-05-13T23:36:44.708Z"
    }
  },
  {
    "model": "blog.proglanguage",
    "pk": 14,
    "fields": {
      "description": "TypeScript",
      "created_at": "2023-05-13T23:36:45.144Z",
      "updated_at": "2023-05-13T23:36:45.144Z"
    }
  },
  {
    "model": "blog.proglanguage",
    "pk": 15,
    "fields": {
      "description": "Scala",
      "created_at": "2023-05-13T23:36:45.380Z",
      "updated_at": "2023-05-13T23:36:45.380Z"
    }
  },
  {
    "model": "blog.proglanguage",
    "pk": 16,
    "fields": {
      "description": "Rust",
      "created_at": "2023-05-13T23:36:45.890Z",
      "updated_at": "2023-05-13T23:36:45.890Z"
    }
  },
  {
    "model": "blog.proglanguage",
    "pk": 17,
    "fields": {
      "description": "Dart",
      "created_at": "2023-05-13T23:36:46.066Z",
      "updated_at": "2023-05-13T23:36:46.066Z"
    }
  },
  {
    "model": "blog.proglanguage",
    "pk": 18,
    "fields": {
      "description": "Elixir",
      "created_at": "2023-05-13T23:36:46.509Z",
      "updated_at": "2023-05-13T23:36:46.509Z"
    }
  },
  {
    "model": "blog.proglanguage",
    "pk": 19,
    "fields": {
      "description": "Matlab",
      "created_at": "2023-05-13T23:36:47.084Z",
      "updated_at": "2023-05-13T23:36:47.084Z"
    }
  },
  {
    "model": "blog.proglanguage",
    "pk": 20,
    "fields": {
      "description": "SQL",
      "created_at": "2023-05-13T23:36:47.680Z",
      "updated_at": "2023-05-13T23:36:47.680Z"
    }
  },
  {
    "model": "blog.post",
    "pk": 2,
    "fields": {
      "id_user": 1,
      "id_prog_language": 3,
      "id_grid": 17,
      "title": "Teste",
      "content": "# Teste\r\n## Teste\r\n<iframe width=\"560\" height=\"315\" src=\"https://www.youtube.com/embed/knG1hOA0ghU\" title=\"YouTube video player\" frameborder=\"0\" allow=\"accelerometer; autoplay; clipboard-write; encrypted-media; gyroscope; picture-in-picture; web-share\" allowfullscreen></iframe>",
      "created_at": "2023-05-15T16:47:55.978Z",
      "updated_at": "2023-05-15T16:47:55.979Z"
    }
  },
  {
    "model": "blog.post",
    "pk": 3,
    "fields": {
      "id_user": 1,
      "id_prog_language": 17,
      "id_grid": 34,
      "title": "dasdsad",
      "content": "asdasdasddasd",
      "created_at": "2023-05-15T17:23:36.118Z",
      "updated_at": "2023-05-15T17:23:36.118Z"
    }
  },
  {
    "model": "blog.post",
    "pk": 4,
    "fields": {
      "id_user": 1,
      "id_prog_language": 4,
      "id_grid": 16,
      "title": "Árvores: O Começo de TUDO",
      "content": "_Este é o final da minha Trilogia de Estruturas de Dados e Algoritmos e finalmente vou conseguir falar sobre o mais importante na matéria: árvores! Vamos de BSTs a AVLs, passando por Red Black Trees e muito mais! Se você nunca estudou sobre isso, ou não tinha entendido quando estudou, esta é sua chance!_\r\n<iframe width=\"100%\" height=\"515\" src=\"https://www.youtube.com/embed/9GdesxWtOgs\" title=\"YouTube video player\" frameborder=\"0\" allow=\"accelerometer; autoplay; clipboard-write; encrypted-media; gyroscope; picture-in-picture; web-share\" allowfullscreen></iframe>",
      "created_at": "2023-05-15T17:30:10.775Z",
      "updated_at": "2023-05-15T17:30:10.775Z"
    }
  },
  {
    "model": "blog.post",
    "pk": 5,
    "fields": {
      "id_user": 1,
      "id_prog_language": 17,
      "id_grid": 24,
      "title": "qwrwqerew",
      "content": "ddwqdew",
      "created_at": "2023-05-15T17:44:46.610Z",
      "updated_at": "2023-05-15T17:44:46.610Z"
    }
  },
  {
    "model": "blog.post",
    "pk": 6,
    "fields": {
      "id_user": 1,
      "id_prog_language": 18,
      "id_grid": 28,
      "title": "fwfqwefwefqwef",
      "content": "qwefweqfweqfew",
      "created_at": "2023-05-15T17:45:24.535Z",
      "updated_at": "2023-05-15T17:45:24.535Z"
    }
  },
  {
    "model": "blog.post",
    "pk": 7,
    "fields": {
      "id_user": 1,
      "id_prog_language": null,
      "id_grid": 19,
      "title": "rwqerwerqerqwe",
      "content": "# werqwerweqrwqerwqe",
      "created_at": "2023-05-15T17:49:39.031Z",
      "updated_at": "2023-05-15T17:49:39.031Z"
    }
  },
  {
    "model": "blog.post",
    "pk": 8,
    "fields": {
      "id_user": 1,
      "id_prog_language": null,
      "id_grid": 4,
      "title": "Teste Mobile",
      "content": "# Apena um teste via smartphone\r\n## Site tá mec \r\n\r\nVamos falar sobre inglês, e talvez sobre mais nd.\r\n\r\nItem 1\r\n* Item 2\r\n * Item 2a\r\n* Item 2b\r\n1. Item 1\r\n 1. Item 2\r\n  2. Ddjjdjdh\r\n2. Ju",
      "created_at": "2023-05-16T13:34:25.344Z",
      "updated_at": "2023-05-16T13:34:25.344Z"
    }
  },
  {
    "model": "blog.post",
    "pk": 9,
    "fields": {
      "id_user": 4,
      "id_prog_language": null,
      "id_grid": 18,
      "title": "Teste de Estevão",
      "content": "# Título <h1>\r\n## Título <h2>\r\n### Título <h3>\r\n#### Título <h4>\r\n##### Título <h5>\r\n###### Título <h6>\r\n\r\n>Este é um *blockquote*. O sinal usado abre e fecha este código no HTML. \r\n>Para adicionar mais uma linha à citação, basta teclar Enter para um novo\r\n>código sinal. Isso gerará um novo parágrafo dentro do *blockquote*.\r\n>Códigos de **negrito**, _itálico_ e <https://links.com> funcionam aqui.\r\n\r\n1. Item 1\r\n2. Item 2\r\n3. Item 3",
      "created_at": "2023-05-16T15:33:16.663Z",
      "updated_at": "2023-05-16T15:33:16.663Z"
    }
  },
  {
    "model": "blog.post",
    "pk": 10,
    "fields": {
      "id_user": 5,
      "id_prog_language": 20,
      "id_grid": 13,
      "title": "A cornice de Gabriel por Rayline",
      "content": "#Ele simplesmente é um corno nato!!",
      "created_at": "2023-05-16T22:13:59.471Z",
      "updated_at": "2023-05-16T22:13:59.471Z"
    }
  },
  {
    "model": "blog.post",
    "pk": 11,
    "fields": {
      "id_user": 6,
      "id_prog_language": null,
      "id_grid": 23,
      "title": "Amaral é???",
      "content": "#hello, my name is Amaral\r\n##is",
      "created_at": "2023-05-16T23:35:28.754Z",
      "updated_at": "2023-05-16T23:35:28.754Z"
    }
  },
  {
    "model": "blog.post",
    "pk": 12,
    "fields": {
      "id_user": 5,
      "id_prog_language": 4,
      "id_grid": 6,
      "title": "Como vender drogas online (rápido)",
      "content": "![](https://occ-0-1313-3852.1.nflxso.net/dnm/api/v6/6AYY37jfdO6hpXcMjf9Yu5cnmO0/AAAABXzvRigXCENBD4aHiDcVFKjjP_rq6FlJT4UxgrCbkkgUkrRM1SoKjx-U-NydyPH8N_KZnHSIle31dZx8lxdC8_OdCYSDj2fJlYs2.jpg?r=12f)",
      "created_at": "2023-05-17T13:30:57.898Z",
      "updated_at": "2023-05-17T13:30:57.898Z"
    }
  },
  {
    "model": "blog.post",
    "pk": 13,
    "fields": {
      "id_user": 1,
      "id_prog_language": null,
      "id_grid": 12,
      "title": "Teste",
      "content": "Teste",
      "created_at": "2023-06-02T18:32:20.073Z",
      "updated_at": "2023-06-02T18:32:20.074Z"
    }
  },
  {
    "model": "blog.post",
    "pk": 14,
    "fields": {
      "id_user": 1,
      "id_prog_language": null,
      "id_grid": 31,
      "title": "Testes",
      "content": "teafaeaew",
      "created_at": "2023-06-02T18:32:40.449Z",
      "updated_at": "2023-06-02T18:32:40.449Z"
    }
  },
  {
    "model": "blog.post",
    "pk": 15,
    "fields": {
      "id_user": 1,
      "id_prog_language": null,
      "id_grid": 30,
      "title": "fsadfasdfadsfs",
      "content": "fsadfdsafaasdfsdasdfs",
      "created_at": "2023-06-02T18:33:01.567Z",
      "updated_at": "2023-06-02T18:33:01.567Z"
    }
  }
]
